Age of Youngest Offspring,follow
4.71,3137
4.504109589,3086
8.043835616,2422
0.191780822,2415
5.328767123,2144
3.246575342,2067
3.194520548,1227
3.180821918,1215
3.156164384,1187
6.320547945,1078
6.295890411,1069
6.293150685,1068
0.942465753,2942
3.424657534,2154
3.290410959,2109
7.569863014,2008
3.197260274,1229
3.161643836,1193
3.15890411,1190
3.153424658,1184
6.304109589,1072
2.334246575,774
2.323287671,768
2.320547945,767
5.449315068,737
1.805479452,5950
3.712328767,5771
2.82739726,5570
3.416438356,2354
3.578082192,2345
3.345205479,2225
3.243835616,2141
3.145205479,1853
3.501369863,1398
2.339726027,1319
1.290410959,567
4.295890411,2846
0.684931507,2764
7.030136986,1523
6.276712329,1052
1.545205479,944
1.531506849,938
1.523287671,935
1.487671233,920
5.852054795,868
5.821917808,834
2.331506849,772
5.701369863,762
5.452054795,739
4.838356164,660
0.353424658,559
0.350684932,558
0.638356164,246
0.594520548,209
4.57260274,6043
5.909589041,5983
7.852054795,5953
1.8,5948
2.030136986,5930
2.024657534,5926
2.019178082,5922
2.008219178,5917
3.715068493,5772
3.709589041,5770
0.312328767,5492
0.306849315,5489
0.304109589,5488
1.989041096,4638
2.912328767,4613
3.898630137,4594
6.312328767,1075
6.197260274,990
0.643835616,4563
3.945205479,4540
7.063013699,4270
3.501369863,4229
6.75890411,4194
6.750684932,4185
6.432876712,4123
6.528767123,4071
4.731506849,4026
2.901369863,4021
5.97260274,3693
2.328767123,3613
1.449315068,3194
1.446575342,3191
1.44109589,3183
1.438356164,3179
1.378082192,3160
1.090410959,3009
1,2973
0.969863014,2959
4.235616438,2922
6.008219178,2889
6.005479452,2887
0.810958904,2854
0.542465753,2684
0.539726027,2680
3.852054795,2648
0.515068493,2646
0.495890411,2623
0.493150685,2619
0.484931507,2603
3.983561644,2597
0.479452055,2594
0.421917808,2558
0.408219178,2548
0.383561644,2530
0.345205479,2490
0.331506849,2479
0.320547945,2470
0.287671233,2448
0.208219178,2421
0.205479452,2420
3.512328767,2406
3.556164384,2383
0.068493151,2331
1.884931507,2307
1.882191781,2302
1.879452055,2297
0.043835616,2282
7.608219178,2027
7.57260274,2011
3.235616438,2002
7.55890411,1990
7.553424658,1980
7.454794521,1827
7.452054795,1824
3.479452055,1680
6.575342466,1602
0.452054795,1574
2.62739726,1570
6.550684932,1564
6.536986301,1533
0.430136986,1524
6.534246575,1526
3.512328767,1413
3.504109589,1402
2.583561644,1395
0.005479452,1225
6.594520548,1213
3.178082192,1212
6.578082192,1195
6.298630137,1070
6.290410959,1067
6.254794521,1030
6.24109589,1013
5.81369863,831
5.810958904,830
4.405479452,4580
4.4,4576
4.391780822,4573
4.260273973,4562
3.950684932,4548
3.734246575,4423
3.671232877,4373
3.605479452,4317
3.6,4310
3.591780822,4298
3.57260274,4287
3.567123288,4279
2.98630137,4055
2.97260274,4041
2.717808219,3876
2.668493151,3859
2.657534247,3846
2.64109589,3838
2.605479452,3811
2.520547945,3745
2.504109589,3722
2.460273973,3672
2.249315068,3557
2.104109589,3503
2.071232877,3480
2.008219178,3460
2,3454
1.997260274,3452
1.983561644,3440
1.967123288,3435
1.939726027,3423
1.915068493,3395
1.649315068,3234
1.054794521,2988
0.712328767,2796
0.679452055,2758
0.665753425,2744
0.660273973,2738
0.589041096,2731
0.583561644,2726
0.580821918,2723
0.520547945,2655
0.517808219,2650
0.506849315,2636
0.465753425,2582
0.397260274,2540
0.369863014,2517
0.367123288,2513
0.326027397,2475
0.282191781,2444
0.202739726,2419
0.18630137,2413
0.180821918,2409
0.161643836,2392
0.156164384,2388
0.150684932,2386
7.906849315,2341
0.032876712,2265
0.02739726,2257
0.016438356,2238
0.01369863,2233
7.621917808,2047
7.545205479,1965
7.509589041,1912
7.476712329,1854
7.463013699,1836
7.44109589,1817
7.435616438,1814
7.353424658,1761
7.350684932,1758
7.035616438,1537
7.032876712,1530
7.02739726,1517
7.024657534,1514
6.989041096,1472
6.602739726,1222
6.6,1220
6.583561644,1203
6.580821918,1199
6.575342466,1192
6.57260274,1189
6.567123288,1183
6.564383562,1181
6.561643836,1179
6.55890411,1177
6.556164384,1175
6.553424658,1174
6.550684932,1173
6.547945205,1171
6.545205479,1169
6.536986301,1164
6.490410959,1122
6.468493151,1115
6.465753425,1112
6.457534247,1099
6.317808219,1077
6.309589041,1074
0.517808219,4570
0.660273973,4567
0.063013699,4428
0.010958904,4382
0.002739726,4372
7.15890411,4352
7.153424658,4346
7.147945205,4342
7.120547945,4329
7.117808219,4326
7.112328767,4322
7.106849315,4316
7.104109589,4313
7.098630137,4305
6.361643836,4070
2.997260274,4059
5.468493151,3477
4.232876712,2921
4.230136986,2919
4.224657534,2915
3.849315068,2644
3.306849315,2587
0.419178082,2556
0.4,2542
0.339726027,2486
0.263013699,2436
3.42739726,2374
3.594520548,2376
3.580821918,2351
3.408219178,2338
3.361643836,2255
3.526027397,2252
3.520547945,2242
3.353424658,2240
3.512328767,2227
3.504109589,2214
3.493150685,2201
3.421917808,2152
5.331506849,2149
3.298630137,2120
3.284931507,2100
3.263013699,2087
3.15890411,2061
1.120547945,2046
1.117808219,2042
7.616438356,2039
1.112328767,2034
3.232876712,1997
0.78630137,1954
0.783561644,1949
3.156164384,1875
3.153424658,1869
3.150684932,1864
6.978082192,1848
3.139726027,1845
3.071232877,1810
2.884931507,1784
2.879452055,1776
2.876712329,1774
3.931506849,1754
3.926027397,1750
3,1743
2.997260274,1740
2.991780822,1735
3.838356164,1715
2.821917808,1703
1998.567123,1700
1998.564384,1696
2.81369863,1691
3.819178082,1689
2.77260274,1664
2.846575342,1644
3.734246575,1634
3.728767123,1631
3.726027397,1629
3.717808219,1627
3.706849315,1620
3.704109589,1618
2.630136986,1576
3.608219178,1511
2.523287671,1506
3.605479452,1503
3.602739726,1499
2.517808219,1496
6.016438356,1493
6.01369863,1489
6.010958904,1485
3.509589041,1409
2.498630137,1405
2.575342466,1380
2.547945205,1356
2.378082192,1352
2.536986301,1347
2.534246575,1344
2.367123288,1343
2.421917808,1324
2.331506849,1312
2.323287671,1303
2.380821918,1291
2.378082192,1290
2.37260274,1286
3.183561644,1218
6.589041096,1206
2.161643836,1204
3.167123288,1201
3.164383562,1197
3.043835616,1102
6.284931507,1062
6.210958904,1002
6.052054795,954
2.468493151,898
5.854794521,871
5.846575342,861
5.8,820
5.794520548,816
5.791780822,814
5.783561644,800
2.361643836,792
2.356164384,786
2.326027397,769
5.695890411,757
1.030136986,733
4.893150685,672
4.756164384,602
4.750684932,599
4.621917808,535
4.61369863,530
3.391780822,4176
2.893150685,4007
0.81369863,2857
0.561643836,2705
0.545205479,2688
0.463013699,2579
1.876712329,2292
0.008219178,2223
7.81369863,2190
7.810958904,2187
7.712328767,2106
7.610958904,2031
7.605479452,2023
4.416438356,4584
3.942465753,4537
3.82739726,4496
3.821917808,4492
3.816438356,4484
3.81369863,4478
3.810958904,4472
3.750684932,4447
3.742465753,4433
6.783561644,4211
6.753424658,4188
2.994520548,4058
6.320547945,4054
6.230136986,4010
2.720547945,3880
2.608219178,3813
1.934246575,3417
1.704109589,3292
1.701369863,3286
1.197260274,3095
0.980821918,2967
0.978082192,2966
0.97260274,2962
0.964383562,2955
0.816438356,2860
0.778082192,2828
0.728767123,2807
0.676712329,2755
2.364383562,2677
0.504109589,2632
0.410958904,2550
0.350684932,2497
0.323287671,2473
0.235616438,2424
0.15890411,2390
0.147945205,2384
7.482191781,1865
7.378082192,1777
6.539726027,1541
7.016438356,1497
7.008219178,1483
6.98630137,1469
6.975342466,1461
6.97260274,1458
6.967123288,1453
6.961643836,1448
6.947945205,1435
6.939726027,1427
3.515068493,1416
6.928767123,1414
6.906849315,1381
2.542465753,1351
2.539726027,1349
6.512328767,1143
6.460273973,1104
6.328767123,1081
6.323287671,1079
6.287671233,1065
6.282191781,1059
6.279452055,1055
6.260273973,1036
6.252054795,1027
6.246575342,1021
5.873972603,889
5.808219178,828
5.78630137,805
5.698630137,759
2011.613699,5563
2011.60274,5560
7.145205479,4470
7.142465753,4468
0.065753425,4432
7.035616438,4243
5.268493151,3415
5.232876712,3381
4.512328767,3094
3.419178082,2359
3.41369863,2349
3.410958904,2343
3.564383562,2317
3.515068493,2232
3.416438356,2150
3.22739726,1989
2.580821918,1391
2.57260274,1376
2.569863014,1373
2.531506849,1341
2.523287671,1335
4.616438356,532
6.901369863,134
3.246575342,2146
3.22739726,2124
2.882191781,1779
2.520547945,1500
2.408219178,1379
2.405479452,1375
2.4,1369
2.391780822,1364
2.375342466,1350
2.369863014,1346
2.364383562,1340
2.361643836,1338
2.35890411,1336
2.320547945,1300
5.463013699,3473
3.293150685,2112
2.82739726,1711
3.821917808,1693
3.701369863,1615
3.630136986,1560
3.624657534,1548
3.621917808,1542
3.616438356,1527
3.61369863,1521
6.021917808,1502
2.430136986,1333
2.424657534,1327
2.419178082,1322
2.41369863,1318
2.619178082,3822
5.882191781,3775
5.876712329,3768
5.805479452,3691
5.843835616,3639
2.24109589,3547
2.232876712,3536
2.230136986,3533
0.950684932,2946
0.569863014,2714
7.038356164,1545
2.408219178,1314
0.052054795,464
2.635616438,3835
2.632876712,3833
2.630136986,3832
2.62739726,3829
2.624657534,3826
2.621917808,3824
2.323287671,3606
2.320547945,3603
2.317808219,3600
2.315068493,3597
2.312328767,3593
2.309589041,3591
2.306849315,3589
2.304109589,3586
2.301369863,3583
2.298630137,3580
2.295890411,3578
2.238356164,3543
5.873972603,3765
5.871232877,3764
5.802739726,3685
2.246575342,3554
2.243835616,3551
2.235616438,3539
2.22739726,3529
2.224657534,3527
6.591780822,5678
0.301369863,5487
1.054794521,5710
7.008219178,5753
6.98630137,5751
6.978082192,5748
5.846575342,3641
2.293150685,3577
2.331506849,3616
6.890410959,5735
1.194520548,5739
1.191780822,5738
1.197260274,5740
0.315068493,5495
0.328767123,5498
0.326027397,5497
0.323287671,5496
0.342465753,5500
0.339726027,5499
2.054794521,5501
2.060273973,5503
2.057534247,5502
4.128767123,5528
4.131506849,5531
4.134246575,5535
4.136986301,5538
0.835616438,5663
2.484931507,4825
2.479452055,4821
0.005479452,4659
3.238356164,5209
3.210958904,5202
3.208219178,5199
7.208219178,5195
3.202739726,5193
2.989041096,5091
2.989041096,5093
2.980821918,5079
0.950684932,5070
0.947945205,5069
1.446575342,5047
1.443835616,5039
0.904109589,5029
2.882191781,5015
4.879452055,5011
2.879452055,5013
1.64109589,5413
2010.972603,5396
3.610958904,5375
7.493150685,5329
3.446575342,5303
3.443835616,5300
5.367123288,5262
1.884931507,5231
2.936986301,5036
2.873972603,5003
2.871232877,4999
0.008219178,4660
3.021917808,4657
3.016438356,4651
2.901369863,4600
1.115068493,3038
1.112328767,3035
1.109589041,3032
1.106849315,3029
1.104109589,3027
1.101369863,3025
1.098630137,3022
1.095890411,3018
1.093150685,3014
1.052054795,2985
0.975342466,2964
0.956164384,2949
0.947945205,2945
0.824657534,2873
0.808219178,2851
0.794520548,2847
0.783561644,2834
0.77260274,2825
0.720547945,2802
0.717808219,2800
0.715068493,2798
0.709589041,2794
0.673972603,2752
0.663013699,2741
0.578082192,2720
0.556164384,2699
0.553424658,2697
0.550684932,2694
0.547945205,2691
0.536986301,2675
0.534246575,2670
0.531506849,2665
0.528767123,2662
0.526027397,2660
0.523287671,2658
0.512328767,2642
0.487671233,2608
0.482191781,2598
0.468493151,2584
0.41369863,2552
0.394520548,2538
0.380821918,2528
0.35890411,2504
0.356164384,2502
0.336986301,2483
0.306849315,2462
0.265753425,2438
0.260273973,2435
0.257534247,2434
0.183561644,2411
0.169863014,2398
0.142465753,2379
0.090410959,2373
0.084931507,2362
0.079452055,2352
0.065753425,2325
0.063013699,2318
0.060273973,2310
0.057534247,2304
0.054794521,2299
0.049315068,2289
0.046575342,2285
0.038356164,2274
0.035616438,2269
0.024657534,2253
0.021917808,2248
0.019178082,2243
0.010958904,2228
0.005479452,2218
7.82739726,2205
7.824657534,2202
7.808219178,2184
7.561643836,1994
7.556164384,1985
7.539726027,1957
7.536986301,1951
7.531506849,1941
7.468493151,1842
7.460273973,1833
7.347945205,1755
7.178082192,1645
7.021917808,1507
7.019178082,1501
7.002739726,1479
6.61369863,1231
6.605479452,1224
6.597260274,1217
6.528767123,1159
6.520547945,1152
6.517808219,1150
6.515068493,1147
6.504109589,1134
6.493150685,1125
6.463013699,1108
6.331506849,1083
6.315068493,1076
6.271232877,1047
6.263013699,1040
6.257534247,1032
6.249315068,1024
6.189041096,981
7.528767123,1936
7.526027397,1933
7.520547945,1926
7.517808219,1923
7.487671233,1876
7.484931507,1870
7.479452055,1859
3.142465753,1849
7.473972603,1850
7.471232877,1846
3.134246575,1838
7.465753425,1839
7.457534247,1830
7.449315068,1822
7.443835616,1818
3.063013699,1799
7.394520548,1800
7.391780822,1794
7.010958904,1487
7.005479452,1481
6.983561644,1467
6.969863014,1456
6.953424658,1440
6.950684932,1437
6.942465753,1431
6.936986301,1423
6.931506849,1418
6.926027397,1410
6.909589041,1388
6.904109589,1377
6.901369863,1374
6.191780822,983
7.515068493,1921
7.512328767,1918
7.506849315,1908
7.501369863,1898
7.498630137,1893
7.493150685,1885
7.490410959,1880
7.438356164,1816
7.432876712,1813
6.912328767,1392
6.915068493,1396
6.739726027,1270
6.632876712,1245
6.630136986,1243
6.756164384,4191
1.443835616,3187
1.435616438,3177
1.380821918,3161
1.375342466,3159
1.37260274,3158
1.369863014,3157
1.263013699,3116
0.42739726,2561
0.416438356,2554
7.504109589,1904
2.873972603,1772
0.402739726,591
0.575342466,200
6.709589041,4
6.221917808,3993
2.887671233,3996
2.610958904,3815
4.391780822,2916
4.326027397,2872
2.512328767,2767
0.246575342,2427
3.260273973,2082
1998.934247,2030
7.602739726,2020
1998.808219,1868
3.835616438,1712
3.824657534,1697
2.775342466,1667
6.547945205,1558
6.545205479,1553
2.4,1304
1.528767123,937
1.482191781,918
2.164383562,745
1.284931507,561
0.580821918,204
1.057534247,57
3.098630137,4701
2.095890411,4700
3.093150685,4696
5.580821918,4684
5.569863014,4674
5.567123288,4670
5.564383562,4668
5.561643836,4667
0.002739726,4658
0,4656
3.019178082,4654
3.010958904,4646
3.961643836,4629
3.95890411,4627
2.526027397,4845
2.504109589,4837
3.347945205,4786
3.345205479,4784
3.342465753,4782
3.339726027,4780
3.323287671,4772
3.095890411,4699
1.293150685,569
23.08219178,1603
23.40547945,1803
23.40273973,1798
1999.084932,2158
19.72876712,2115
3.55890411,2385
1998.824658,1896
0.745205479,1892
4.068493151,3546
6.531506849,1519
6.208219178,1000
0.397260274,587
4.720547945,577
6.884931507,117
5.756164384,778
4.816438356,644
4.723287671,582
3.857534247,96
3.854794521,92
4.717808219,574
4.676712329,555
4.054794521,247
6.893150685,126
0.734246575,343
0.671232877,282
0.665753425,276
1995.334247,210
1.369863014,815
0.038356164,454
7.583561644,2016
2.843835616,1643
6.430136986,4119
1.964383562,3434
2000.315068,3078
0.04109589,2278
2.775342466,3939
6.778082192,4206
6.775342466,4203
1.367123288,3155
0.087671233,2368
2.545205479,1353
0.690410959,968
4.065753425,3542
3.736986301,1636
3.098630137,4125
5.254794521,3304
4.389041096,2914
6.780821918,4209
3.635616438,1571
6.553424658,1569
6.194520548,987
4.668493151,3085
4.643835616,3066
3.498630137,1394
0.567123288,2711
0.564383562,2708
2.35890411,2667
0.405479452,2546
0.342465753,2488
6.202739726,995
6.997260274,1476
1997.586301,1038
0.093150685,2377
4.460273973,3050
3.183561644,2079
2.397260274,1367
0.591780822,2733
2.361643836,2672
4.005479452,2631
0.019178082,1763
6.243835616,1017
3.849315068,3466
3.846575342,3464
3.843835616,3462
3.84109589,3461
3.347945205,2230
3.219178082,2113
3.202739726,1234
6.619178082,1235
6.616438356,1233
3.2,1232
3.739726027,4429
0.043835616,4406
6.989041096,1867
6.98630137,1861
3.547945205,4258
0.016438356,1759
1.057534247,1722
2001.572603,3627
0.328767123,2478
0.304109589,2460
0.301369863,2458
2.230136986,
0.295890411,2454
0.293150685,2452
4.906849315,681
0.652054795,258
4.739726027,594
2.898630137,4015
2.895890411,4011
2.890410959,4001
2.884931507,3990
2.871232877,3977
7.61369863,2035
7.547945205,1970
3.55890411,4268
3.545205479,4255
3.504109589,4232
7.495890411,1889
1.057534247,2990
0.657534247,2736
0.501369863,2629
7.04109589,4248
2.512328767,1486
6.35890411,4068
0.989041096,2972
0.98630137,2971
0.983561644,2969
3.367123288,2263
3.517808219,2237
0.961643836,2953
0.95890411,2951
0.945205479,2944
0.939726027,2940
0.906849315,2924
0.904109589,2923
0.82739726,2876
0.821917808,2868
0.819178082,2864
6.273972603,1049
6.21369863,1004
2.317808219,1297
1.378082192,3955
4.21369863,2907
3.857534247,2657
1.969863014,2380
0.780821918,1944
2.95890411,3059
3.520547945,1422
3.58630137,2361
6.402739726,4094
2.079452055,3484
1.890410959,2319
1.887671233,2313
2.553424658,1360
6.224657534,3998
5.868493151,3761
7.446575342,1820
4.589041096,3105
2.550684932,1358
1.010958904,2977
2.416438356,1320
2.410958904,1316
2.975342466,4044
1.923287671,3403
4.734246575,4032
1.912328767,3392
4.728767123,4022
4.726027397,4016
1.901369863,3385
1.898630137,3382
2000.016438,2904
2000.013699,2901
2000.010959,2899
2000.008219,2897
2000.005479,2895
3.663013699,3964
3.657534247,3357
3.654794521,3353
3.652054795,3350
3.649315068,3346
0.805479452,2848
2.761643836,3930
5.257534247,3306
3.238356164,2007
4.035616438,2783
7.534246575,1946
6,3855
0.654794521,2735
6.980821918,1852
6.975342466,1844
6.454794521,1097
2.58630137,3801
2.583561644,3798
2.369863014,2686
6.893150685,1793
2.367123288,2682
2.356164384,2664
1.084931507,1747
1.082191781,1744
0.38630137,2532
0.17260274,2401
0.178082192,2407
0.175342466,2404
4.402739726,4578
4.397260274,4575
4.394520548,4574
4.106849315,3574
4.104109589,3572
1998.424658,1608
1998.421918,1605
6.019178082,1498
1998.339726,1494
1998.336986,1490
2.961643836,3062
1.967123288,2378
4.671232877,3088
2.115068493,3513
2000.317808,3080
4.471232877,3064
4.468493151,3060
4.465753425,3057
4.463013699,3054
3.104109589,4132
6.435616438,4128
6.405479452,4097
4.421917808,3006
2.876712329,3983
4.216438356,2909
2.868493151,3974
2000.00274,2892
1999.994521,2884
1.832876712,3359
1.830136986,3355
1.82739726,3351
1.824657534,3347
1.821917808,3343
1.819178082,3340
1.816438356,3335
3.660273973,3961
1.81369863,3330
2.791780822,3948
2.783561644,3944
2.767123288,3932
2.764383562,3931
1.717808219,3301
1.715068493,3299
1.712328767,3297
1.709589041,3295
1.706849315,3293
4.038356164,2785
1998.854795,1938
1.698630137,3281
1.695890411,3278
1.693150685,3274
1.690410959,3271
4.02739726,2778
1.687671233,3269
1.671232877,3259
1.668493151,3254
1.665753425,3250
1.660273973,3244
9.490410959,3241
2.553424658,3779
1.654794521,3239
1.652054795,3237
1.646575342,3231
1.643835616,3229
1.64109589,3227
3.854794521,2652
4.421917808,4586
4.419178082,4585
4.41369863,4583
4.410958904,4582
0.736986301,4579
0.734246575,4577
0.520547945,4571
0.720547945,4572
0.715068493,4569
3.37260274,4170
1997.10137,793
0.663013699,4568
3.369863014,4169
0.55890411,2702
0.498630137,2626
0.490410959,2614
1.454794521,3200
1.452054795,3197
0.402739726,2544
0.375342466,2524
1.271232877,3120
1.268493151,3119
1.260273973,3113
1.257534247,3109
1.252054795,3102
1.249315068,3099
0.693150685,298
0.657534247,267
0.687671233,294
1.490410959,921
4.901369863,678
5.75890411,781
4.84109589,662
4.835616438,658
4.824657534,653
2.389041096,824
5.704109589,764
5.797260274,818
1.257534247,751
6.898630137,132
1.37260274,817
2.353424658,785
2.328767123,770
4.904109589,680
4.898630137,676
4.430136986,441
0.654794521,263
0.356164384,159
0.673972603,285
5.802739726,822
3.397260274,4181
3.394520548,4178
3.101369863,4130
2002.063014,4030
7.567123288,2003
7.564383562,1998
6.2,992
5.693150685,755
4.323287671,2867
4.394520548,2918
4.38630137,2912
5.969863014,3687
4.501369863,3084
4.42739726,2929
4.424657534,2926
0.994520548,3642
3.032876712,1094
5.879452055,3771
5.147945205,3328
5.038356164,3288
5.035616438,3283
3.520547945,2412
3.517808219,2410
3.515068493,2408
0.435616438,1539
6.57260274,1601
3.767123288,1653
2.569863014,3789
2.567123288,3787
2.564383562,3785
2.575342466,3792
2.561643836,3783
2.55890411,3781
2.556164384,3780
1999.054795,2128
1.054794521,1720
0.271232877,4542
4.04109589,2789
0.778082192,1939
0.747945205,1897
2.621917808,1559
2.619178082,1554
3.747945205,4443
1.895890411,3379
1.857534247,3366
0.575342466,2718
0.364383562,2508
0.290410959,2450
4.030136986,2780
0.021917808,1767
3.493150685,1383
2.260273973,3569
0.58630137,2729
7.389041096,1791
7.380821918,1780
4.257534247,4561
4.254794521,4560
4.246575342,4557
4.238356164,4556
3.939726027,4535
3.934246575,4531
3.931506849,4530
3.852054795,4516
3.846575342,4511
3.830136986,4498
3.819178082,4488
3.745205479,4438
3.736986301,4426
3.731506849,4420
3.679452055,4383
3.676712329,4380
3.673972603,4376
3.665753425,4365
3.657534247,4353
3.652054795,4347
3.646575342,4343
3.643835616,4340
3.64109589,4339
3.58630137,4291
3.569863014,4283
3.564383562,4275
3.561643836,4271
3.556164384,4266
3.553424658,4264
6.22739726,4005
6.164383562,3957
6.060273973,3884
5.153424658,3338
5.150684932,3332
3.424657534,2370
2.515068493,1491
3.947945205,4544
3.936986301,4533
3.608219178,4320
1998.939726,2038
4.252054795,4559
3.843835616,4509
3.84109589,4508
3.832876712,4501
3.753424658,4451
3.668493151,4369
3.654794521,4349
3.602739726,4314
3.597260274,4306
3.594520548,4302
3.589041096,4294
0.742465753,1888
0.736986301,1878
0.649315068,4566
0.646575342,4565
0.276712329,4550
3.953424658,4552
0.273972603,4546
0.268493151,4539
3.838356164,4506
3.824657534,4494
0.071232877,4441
0.060273973,4425
0.057534247,4421
0.052054795,4415
0.049315068,4411
0.046575342,4407
0.04109589,4404
4.024657534,2773
4.002739726,2628
0.126027397,4464
3.835616438,4504
0.068493151,4436
0.054794521,4418
2.580821918,3796
0.37260274,2522
0.284931507,2446
0.279452055,2443
2.578082192,3794
0.268493151,2440
0.252054795,2431
0.189041096,2414
0.361643836,2506
0.353424658,2500
0.254794521,2433
2.687671233,3865
2.646575342,3840
2.591780822,3806
8.131506849,2456
4.095890411,1915
2.715068493,3873
2.712328767,3871
2.991780822,4057
2.989041096,4056
2.983561644,4053
2.980821918,4050
2.978082192,4047
2.882191781,3987
2.731506849,3891
2.728767123,3888
2.723287671,3882
2.663013699,3852
2.660273973,3849
2.654794521,3844
2.649315068,3842
2.643835616,3839
2.638356164,3837
2.616438356,3819
2.61369863,3817
2.602739726,3810
2.6,3809
2.594520548,3808
2.589041096,3804
2.57260274,3790
1.926027397,3405
1.920547945,3400
0.726027397,2806
0.509589041,2639
0.449315068,2564
2.753424658,3922
2.750684932,3917
2.747945205,3912
2.745205479,3906
2.742465753,3901
2.726027397,3885
8.210958904,2526
8.180821918,2494
8.167123288,2481
8.082191781,2429
8.076712329,2425
8.032876712,2418
8.030136986,2417
8.02739726,2416
7.624657534,2049
7.550684932,1975
7.542465753,1961
6.265753425,1043
2.756164384,3926
7.619178082,2043
2.75890411,3928
2.780821918,3942
2.778082192,3940
2.77260274,3937
2.769863014,3935
0.052054795,4523
7.150684932,4480
2.873972603,3980
2.797260274,3951
2.794520548,3950
7.147945205,4474
7.139726027,4466
7.136986301,4463
7.087671233,4449
7.084931507,4445
7.082191781,4440
7.079452055,4435
7.076712329,4431
7.052054795,4403
7.002739726,4367
7,4362
2.879452055,3986
0.18630137,4517
0.183561644,4515
0.030136986,2261
0.153424658,4491
0.150684932,4487
0.052054795,2294
0.147945205,4482
0.145205479,4476
0.128767123,4460
0.126027397,4457
0.030136986,4397
0.02739726,4395
0.024657534,4393
0.021917808,4391
0.145205479,2382
0.082191781,2357
0.076712329,2346
0.071232877,2336
0.019178082,4389
0.016438356,4387
0.01369863,4385
0.008219178,4379
0.005479452,4375
7.164383562,4359
0.153424658,2387
0,4368
1.01369863,2979
1.008219178,2975
0.167123288,2396
7.156164384,4348
7.150684932,4344
7.115068493,4324
6.306849315,1073
6.054794521,955
0.010958904,1228
6.569863014,1186
6.58630137,1205
7.109589041,4319
2.156164384,1196
7.101369863,4309
7.095890411,4301
7.093150685,4297
7.090410959,4293
7.071232877,4282
7.068493151,4278
7.065753425,4274
0.008219178,1226
3.002739726,1746
2.994520548,1737
2.15890411,1200
2.849315068,1649
0.002739726,1223
7.38630137,1788
7.383561644,1785
2.802739726,1675
7.35890411,1768
7.356164384,1765
6.526027397,1157
6.506849315,1137
7.345205479,1753
7.180821918,1650
7.04109589,1550
3.175342466,1208
6.531506849,1161
6.523287671,1154
6.509589041,1140
0.767123288,2823
4.293150685,2843
4.287671233,2836
4.284931507,2833
0.780821918,2831
0.769863014,2824
4.290410959,2839
0.775342466,2826
0.791780822,2844
0.789041096,2840
0.78630137,2837
7.01369863,1492
0.704109589,2787
6.205479452,998
0.742465753,2819
2.936986301,154
0.682191781,2761
0.671232877,2749
0.389041096,2534
0.706849315,2791
0.687671233,2769
0.736986301,2813
0.731506849,2808
0.723287671,2804
0.739726027,2816
0.734246575,2810
2.517808219,2777
2.515068493,2772
2.112328767,3511
2.109589041,3509
2.106849315,3506
2.101369863,3500
2.098630137,3498
2.095890411,3496
2.093150685,3494
2.090410959,3492
2.087671233,3490
2.084931507,3488
2.082191781,3486
2.073972603,3482
2.005479452,3458
2.002739726,3456
1.994520548,3450
1.991780822,3447
1.989041096,3444
1.98630137,3442
1.980821918,3438
1.978082192,3437
1.942465753,3426
1.936986301,3421
1.931506849,3413
1.928767123,3408
5.465753425,3475
5.271232877,3419
5.265753425,3411
5.235616438,3384
5.230136986,3377
5.22739726,3376
5.21369863,3372
2002.30137,4134
2001.690411,3760
4.457534247,3047
4.22739726,2917
3.046575342,1106
3.550684932,4261
7.043835616,4251
3.542465753,4252
3.539726027,4249
7.038356164,4245
3.536986301,4246
7.032876712,4242
5.210958904,3370
4.221917808,2913
4.219178082,2911
4.383561644,2910
4.380821918,2908
4.019178082,2649
4.010958904,2638
4.008219178,2635
3.964383562,2578
3.961643836,2574
7.030136986,4240
2.501369863,3717
2.473972603,3698
2.468493151,3688
2.465753425,3682
7.02739726,4238
2.457534247,3667
2.454794521,3660
2.257534247,3566
2.254794521,3563
2.252054795,3560
0.997260274,3643
0.391780822,2536
1998.569863,1704
1998.558904,1688
1998.556164,1684
6.567123288,1594
6.564383562,1589
6.55890411,1582
2.871232877,1771
2.989041096,1732
2.832876712,1717
3.832876712,1709
2.830136986,1714
2.824657534,1707
2.819178082,1699
2.8,1673
3.698630137,1612
3.649315068,1595
3.934246575,1756
3.82739726,1701
3.830136986,1705
2.526027397,3753
2.523287671,3749
2.517808219,3741
2.515068493,3738
2.512328767,3735
2.509589041,3731
2.506849315,3727
3.84109589,1718
2.528767123,3756
3.928767123,1752
3.923287671,1748
3.739726027,1638
3.731506849,1632
3.712328767,1625
6.038356164,3869
3.715068493,1626
3.709589041,1623
3.816438356,1685
3.791780822,1669
3.780821918,1665
3.778082192,1662
10.65205479,1590
3.62739726,1555
3.619178082,1534
3.794520548,1670
3.77260274,1657
3.769863014,1655
1.663013699,3247
4.712328767,3140
4.706849315,3134
4.594520548,3112
4.506849315,3091
4.591780822,3107
4.093150685,1910
4.090410959,1906
6.895890411,1797
3.15890411,1879
3.147945205,1858
3.161643836,1884
3.230136986,1993
3.224657534,1984
3.221917808,1979
3.219178082,1974
3.208219178,1956
3.180821918,1917
3.136986301,1841
3.068493151,1807
3.065753425,1804
3.161643836,2062
3.156164384,2060
3.610958904,1516
7.402739726,1811
7.4,1808
7.397260274,1805
3.6,1495
6.991780822,1872
2.169863014,749
2.383561644,1292
2.375342466,1288
2.369863014,1284
3.509589041,2222
10.84109589,2217
3.501369863,2212
3.498630137,2208
3.495890411,2204
3.419178082,2151
3.41369863,2147
3.410958904,2142
3.391780822,2122
3.389041096,2118
3.38630137,2114
3.378082192,2101
3.375342466,2096
2.405479452,1311
2.402739726,1307
2.397260274,1301
2.394520548,1298
2.391780822,1295
2.389041096,1294
2.38630137,1293
3.575342466,2340
3.57260274,2335
3.569863014,2330
3.567123288,2324
3.561643836,2309
3.534246575,2264
3.531506849,2260
3.583561644,2356
3.405479452,2334
3.402739726,2328
3.4,2322
3.378082192,2281
3.375342466,2277
3.37260274,2272
3.369863014,2267
3.536986301,2268
3.364383562,2259
3.528767123,2256
3.421917808,2365
3.224657534,2121
3.350684932,2235
3.342465753,2220
3.339726027,2215
3.235616438,2132
3.232876712,2129
3.230136986,2126
3.221917808,2117
3.216438356,2110
3.189041096,2090
3.18630137,2085
3.180821918,2075
3.178082192,2071
3.35890411,2250
3.356164384,2245
5.928767123,930
4.726027397,585
3.287671233,2105
3.254794521,2074
3.243835616,2066
3.295890411,2116
3.282191781,2095
3.257534247,2078
3.249315068,2069
3.591780822,2372
3.589041096,2367
6.923287671,1406
6.920547945,1403
2.504109589,1412
2.501369863,1408
2.410958904,1386
2.567123288,1370
2.564383562,1368
2.55890411,1365
2.578082192,1387
2.498630137,1313
9.830136986,1310
1.02739726,732
1.024657534,731
2.528767123,1339
2.526027397,1337
2.383561644,1357
2.350684932,1328
2.347945205,1325
2.345205479,1323
2.342465753,1321
6.956164384,1443
6.934246575,1420
2.356164384,1334
2.353424658,1331
2.328767123,1309
2.326027397,1306
1.520547945,934
2.402739726,1372
2.389041096,1361
2.38630137,1359
2.380821918,1355
2.37260274,1348
4.64109589,546
6.95890411,1445
6.945205479,1433
0.660273973,269
0.635616438,242
6.980821918,1465
6.978082192,1463
3.21369863,1242
5.780821918,797
5.778082192,794
1997.09863,790
5.761643836,783
5.602739726,752
2.167123288,747
5.454794521,740
4.832876712,657
4.830136986,656
0.164383562,2394
6.917808219,1399
6.898630137,1371
6.745205479,1274
6.742465753,1272
6.671232877,1260
6.668493151,1258
6.663013699,1256
0.698630137,699
6.731506849,11
6.712328767,6
6.994520548,1475
6.991780822,1473
6.665753425,1257
6.660273973,1255
7,1477
3.526027397,1429
3.523287671,1425
6.624657534,1239
3.230136986,1253
6.638356164,1249
6.635616438,1247
3.232876712,1254
3.22739726,1252
3.224657534,1250
3.221917808,1248
3.219178082,1246
3.216438356,1244
3.210958904,1240
6.62739726,1241
3.208219178,1238
3.205479452,1236
6.621917808,1237
1995.115068,41
1.542465753,943
1.534246575,940
1.526027397,936
1.504109589,929
5.895890411,911
5.893150685,908
5.890410959,905
1997.189041,883
0.695890411,877
5.860273973,875
9.443835616,870
5.84109589,856
1997.153425,843
5.824657534,836
5.816438356,832
5.805479452,826
4.775342466,614
4.753424658,600
0.4,589
1.287671233,564
0.347945205,557
4.673972603,554
4.649315068,550
4.643835616,547
4.638356164,545
4.608219178,526
0.068493151,475
4.416438356,432
4.336986301,405
4.320547945,390
4.01369863,2641
3.978082192,2589
6.556164384,1575
3.495890411,1390
1.736986301,975
0.728767123,338
0.726027397,332
2.816438356,1695
1.731506849,971
0.723287671,326
0.720547945,323
0.712328767,317
0.709589041,315
0.695890411,299
0.690410959,296
0.684931507,293
-3.189041096,2593
2.810958904,1687
3.695890411,1609
0.676712329,287
0.668493151,279
0.663013699,272
0.649315068,255
0.64109589,251
0.632876712,236
0.583561644,206
3.553424658,2381
2.805479452,1679
2.769863014,1661
0.6,217
0.597260274,213
0.57260274,198
0.569863014,196
6.906849315,136
4.30137E+15,135
6.895890411,130
1999.621918,2581
3.775342466,1659
3.81369863,1681
0.35890411,163
2002.232877,4103
6.41369863,4038
0.739726027,1883
1998.49589,1642
0.449315068,1568
6.835616438,74
1,3648
1999.635616,2591
1998.805479,1863
6.983561644,1856
1.076712329,1738
1.060273973,1725
1998.468493,1630
1998.931507,2026
6.594520548,1604
3.509589041,2403
1998.928767,2022
3.652054795,1599
6.569863014,1598
6.542465753,1547
0.432876712,1531
6.060273973,959
6.057534247,956
1995.057534,12
6.728767123,10
6.715068493,8
6.706849315,2
6.235616438,4020
6.232876712,4014
6.093150685,3927
6.087671233,3920
6.084931507,3915
6.082191781,3910
6.079452055,3905
6.076712329,3900
6.073972603,3895
3.994520548,2618
3.991780822,2613
3.989041096,2607
3.98630137,2602
0.750684932,1902
6.684931507,1652
1.734246575,973
6.57260274,4098
6.569863014,4095
6.526027397,4069
6.317808219,4052
6.315068493,4049
6.312328767,4046
6.309589041,4043
6.416438356,4039
13.72328767,3995
6.090410959,3925
6.065753425,3890
6.063013699,3887
3.882191781,3778
3.876712329,3774
4.649315068,3072
4.646575342,3069
4,2625
3.997260274,2622
6.898630137,1802
0.024657534,1770
6.846575342,1751
4.673972603,3092
3.673972603,2400
1998.923288,2017
1998.926027,2019
4.652054795,3076
1.079452055,1741
6.391780822,4000
2.326027397,3609
2001.569863,3625
2.624657534,1565
0.734246575,1874
1998.80274,1857
3.082191781,1129
3.049315068,1110
0.736986301,345
2.665753425,3857
22.47945205,1116
2.216438356,6090
2.208219178,6086
2.197260274,6079
1.183561644,6078
1.180821918,6075
1.178082192,6074
4.673972603,6072
4.632876712,6057
6.087671233,6048
4.575342466,6045
4.646575342,6039
4.643835616,6036
4.457534247,6012
4.454794521,6011
2.235616438,6007
2.221917808,5997
5.915068493,5987
7.854794521,5955
2.021917808,5924
1.893150685,5890
1.887671233,5886
7.487671233,5855
7.482191781,5851
7.476712329,5847
7.460273973,5835
7.454794521,5829
7.452054795,5826
7.446575342,5822
7.443835616,5820
3.901369863,5807
1.665753425,5800
6.983561644,5750
6.980821918,5749
1.063013699,5713
6.61369863,5696
4.553424658,5666
3.120547945,5652
3.117808219,5651
3.032876712,5648
3.030136986,5645
5.520547945,5644
5.495890411,5634
5.493150685,5632
5.490410959,5627
6.490410959,5628
6.487671233,5623
6.484931507,5620
5.482191781,5619
2011.594521,5557
5.857534247,5458
5.846575342,5450
4.791780822,5446
4.789041096,5445
4.78630137,5444
2011.10411,5443
2011.10137,5442
3.616438356,5386
3.506849315,5340
3.504109589,5338
1.873972603,5219
3.2,5190
3.197260274,5187
3.194520548,5185
3.191780822,5183
3.189041096,5181
3.18630137,5178
3.183561644,5175
6.156164384,5166
3.136986301,5157
4.136986301,5159
4.134246575,5154
3.131506849,5153
4.115068493,5145
4.112328767,5143
3.109589041,5142
3.106849315,5141
4.098630137,5138
2010.39726,5132
7.052054795,5129
4.032876712,5126
4.030136986,5124
3.02739726,5120
4.02739726,5122
3.024657534,5116
2.983561644,5082
2.917808219,5026
2.865753425,4987
6.868493151,4989
3.863013699,4983
2.863013699,4985
3.860273973,4977
3.857534247,4975
3.854794521,4969
1.356164384,4972
3.852054795,4965
1.353424658,4968
3.849315068,4963
2.775342466,4952
2.769863014,4947
2.660273973,4924
3.657534247,4917
2.657534247,4919
3.654794521,4912
2.619178082,4906
2.616438356,4904
2.605479452,4899
2.602739726,4896
2.6,4893
2.597260274,4890
2.594520548,4887
2.591780822,4884
2.589041096,4882
2.58630137,4880
2.583561644,4879
2.580821918,4877
2.578082192,4875
0.553424658,4872
2.575342466,4873
0.550684932,4871
0.547945205,4870
0.545205479,4869
3.95890411,4797
6.167123288,4727
2.164383562,4729
2.153424658,4716
2.150684932,4715
2.147945205,4713
2009.460274,4712
2.093150685,4697
5.57260274,4676
3.964383562,4631
4.424657534,4619
4.421917808,4617
0.994520548,4609
2.904109589,4603
2.901369863,4599
2.898630137,4596
3.849315068,4513
7.167123288,4364
3.520547945,4237
2.471232877,3695
9.506849315,3263
5.326027397,2139
2.336986301,1317
2.334246575,1315
6.64109589,1251
6.501369863,1131
2.35890411,789
0.701369863,701
0.695890411,697
0.693150685,696
6.882191781,113
1998.813699,1882
4.791780822,6105
1.961643836,6107
1.964383562,6108
1.967123288,6109
1.969863014,6110
1.97260274,6111
4.928767123,6121
4.931506849,6122
5.468493151,
5.249315068,6186
2.947945205,6185
2.860273973,6155
2.857534247,6154
2.854794521,6153
2.852054795,6152
2.849315068,6151
2.539726027,6138
2.536986301,6137
2.534246575,6136
2.531506849,6135
2.528767123,6134
2.526027397,6133
2.726027397,6209
2.728767123,6210
5.252054795,6215
5.405479452,6283
3.04109589,6330
3.446575342,6374
3.449315068,6378
3.452054795,6380
5.704109589,6389
5.706849315,6392
0.21369863,6396
0.216438356,6398
5.756164384,6416
2.210958904,6088
2.205479452,6084
2.202739726,6082
1.802739726,5949
2.032876712,5933
5.82739726,6435
5.830136986,6436
5.832876712,6439
5.84109589,6441
5.843835616,6443
3.342465753,6446
3.345205479,6448
3.347945205,6449
5.873972603,6458
3.482191781,6503
0.487671233,6506
0.504109589,6510
6.016438356,6514
6.134246575,6530
6.136986301,6532
6.139726027,6534
6.142465753,6537
6.145205479,6539
2.808219178,6583
2.808219178,6584
2.810958904,6586
2.81369863,6590
2.852054795,6609
3.98630137,6646
0.526027397,6660
0.528767123,6662
0.531506849,6665
0.534246575,6666
4.046575342,6670
2015.383562,6672
2015.386301,6673
4.049315068,6674
4.052054795,6675
4.087671233,6688
4.090410959,6689
4.093150685,6690
4.095890411,6691
4.098630137,6692
1.109589041,6693
1.112328767,6694
1.115068493,6695
1.117808219,6697
1.120547945,6699
1.123287671,6701
0.032876712,6717
0.035616438,6718
0.038356164,6719
0.04109589,6720
0.043835616,6721
0.046575342,6722
0.084931507,6736
0.087671233,6737
0.090410959,6738
0.093150685,6739
0.095890411,6740
0.098630137,6741
0.101369863,6742
0.104109589,6743
0.106849315,6744
0.109589041,6745
0.112328767,6746
0.115068493,6747
0.117808219,6750
0.120547945,6752
0.123287671,6753
0.15890411,6766
0.161643836,6768
0.164383562,6770
0.167123288,6771
0.169863014,6774
0.17260274,6775
4.715068493,6781
4.717808219,6782
4.720547945,6783
0.263013699,6784
0.265753425,6785
0.268493151,6786
0.271232877,6787
0.273972603,6788
0.276712329,6789
4.873972603,6817
4.882191781,6823
0.479452055,6845
0.482191781,6846
0.484931507,6847
0.487671233,6848
0.490410959,6849
0.493150685,6850
2016.087671,6858
2016.090411,6859
2016.093151,6860
2016.09589,6861
2016.09863,6862
4.909589041,6901
0.02739726,6715
0.030136986,6716
0.049315068,6723
0.052054795,6724
0.054794521,6725
0.057534247,6726
0.060273973,6727
0.063013699,6728
0.065753425,6729
0.068493151,6730
0.071232877,6731
0.073972603,6732
0.076712329,6733
0.079452055,6734
0.082191781,6735
4.936986301,6912
0.863013699,6955
0.865753425,6956
0.868493151,6958
0.871232877,6960
0.873972603,6962
0.876712329,6964
4.304109589,7029
3.660273973,4922
4.501369863,6791
4.504109589,6792
4.506849315,6793
4.509589041,6794
4.857534247,6801
4.860273973,6802
4.863013699,6804
4.865753425,6806
4.868493151,6811
4.871232877,6812
4.879452055,6822
2016.084932,6857
4.904109589,6897
4.906849315,6899
5.547945205,7084
5.857534247,7199
2.01369863,7238
2.016438356,7241
2.016438356,7242
2.019178082,7243
2.021917808,7246
2.024657534,7249
2.02739726,7251
4.243835616,7254
4.246575342,7256
4.249315068,7258
4.252054795,7260
4.254794521,7262
2.063013699,7265
2.065753425,7266
4.301369863,7270
4.320547945,7271
4.323287671,7273
8.323287671,7277
8.326027397,7278
8.328767123,7280
8.331506849,7282
8.334246575,7283
8.336986301,7285
4.364383562,7288
4.367123288,7289
5.454794521,7307
5.457534247,7308
2.312328767,7311
2.315068493,7313
2.317808219,7315
2.320547945,7318
2.323287671,7321
3.063013699,7325
2.35890411,7327
2.361643836,7329
3.065753425,7331
2.364383562,7333
2.367123288,7337
2.369863014,7340
2.37260274,7343
2.375342466,7347
2.380821918,7351
2.38630137,7357
2.391780822,7365
2.394520548,7368
2.4,7372
2.402739726,7373
2.405479452,7374
0.536986301,6668
2.463013699,3678
1.742465753,7219
1.734246575,7216
1.736986301,7217
1.739726027,7218
1.682191781,7204
1.684931507,7205
1.687671233,7206
1.643835616,7191
1.643835616,7190
8.331506849,7180
8.191780822,7148
1.539726027,7157
1.616438356,7177
1.619178082,7178
1.610958904,7175
1.61369863,7176
8.18630137,7143
8.189041096,7146
8.194520548,7150
1.542465753,7159
1.545205479,7160
1.608219178,7174
1.452054795,7131
1.454794521,7132
4.594520548,7110
5.898630137,7121
5.901369863,7123
5.906849315,7127
5.895890411,7118
4.547945205,7083
1.235616438,7062
4.545205479,7082
1.232876712,7061
1.238356164,7063
1.24109589,7064
1.068493151,7011
1.065753425,7010
7.608219178,5365
3.443835616,6372
3.923287671,5814
3.101369863,6349
3.104109589,6354
3.106849315,6356
3.109589041,6359
3.112328767,6362
3.350684932,6451
0.484931507,6505
6.010958904,6511
4.578082192,6046
5.115068493,6163
0.219178082,6401
558,6112
4.726027397,6094
4.024657534,5118
6.824657534,6245
6.82739726,6247
6.865753425,6263
6.868493151,6266
5.402739726,6281
5.569863014,6302
5.57260274,6303
5.575342466,6306
5.578082192,6308
5.580821918,6310
6.830136986,6249
6.55890411,4865
6.561643836,4867
7.21369863,4931
7.219178082,4935
6.832876712,6250
2.77260274,4949
2010.145205,4955
2010.147945,4958
1.356164384,4971
1.35890411,4973
1.35890411,4974
6.863013699,4979
6.865753425,4981
2010.145205,4956
0,4959
2.64109589,6174
2.638356164,6172
2.942465753,6182
5.117808219,6164
4.643835616,6065
2.2,6080
7.24109589,6096
0.002739726,5428
5.578082192,4680
4.019178082,4843
3.624657534,5391
2.739726027,3897
0.936986301,2938
0.967123288,2957
1.265753425,3118
2.528767123,4846
7.44109589,5294
3.97260274,4812
3.978082192,4816
3.980821918,4818
2.482191781,4823
2.495890411,4827
6.547945205,4853
6.550684932,4856
6.553424658,4859
6.556164384,4862
6.876712329,5001
2.876712329,5005
2.882191781,5018
6.890410959,5024
6.926027397,5027
1.44109589,5037
6.945205479,5041
6.947945205,5043
1.446575342,5046
6.950684932,5049
6.953424658,5053
6.956164384,5055
6.95890411,5058
6.961643836,5061
6.964383562,5065
5.978082192,5074
2.98630137,5085
2.98630137,5087
2.991780822,5096
3.994520548,5099
3.997260274,5103
3.205479452,5197
2010.608219,5211
2010.610959,5212
1.871232877,5216
7.323287671,5238
5.328767123,5242
5.339726027,5253
5.369863014,5265
7.402739726,5274
7.408219178,5280
7.443835616,5296
7.452054795,5305
3.452054795,5311
7.498630137,5334
7.602739726,5359
7.62739726,5389
7.630136986,5392
7.652054795,5402
7.657534247,5405
7.660273973,5407
0.295890411,5484
3.956164384,4624
1.98630137,4634
1.997260274,4644
5.046575342,4661
5.049315068,4663
3.063013699,4672
3.065753425,4675
5.071232877,4679
5.073972603,4682
5.076712329,4686
5.079452055,4688
5.084931507,4692
2009.520548,4732
2009.523288,4733
2009.526027,4734
6.235616438,4742
6.238356164,4743
2.287671233,4748
6.295890411,4751
5.295890411,4752
6.298630137,4753
5.298630137,4755
5.301369863,4757
5.304109589,4761
3.320547945,4768
5.328767123,4774
2009.728767,4788
5.430136986,4789
5.432876712,4791
3.964383562,4803
3.967123288,4806
2.501369863,4834
6.871232877,4993
6.873972603,4997
7.205479452,5191
1.873972603,5218
1.876712329,5220
1.879452055,5223
1.882191781,5227
1.884931507,5230
7.320547945,5236
5.331506849,5245
5.334246575,5248
5.336986301,5251
5.342465753,5256
7.405479452,5277
7.410958904,5283
7.446575342,5298
7.449315068,5301
3.449315068,5307
7.454794521,5309
6.457534247,5315
7.501369863,5337
3.539726027,5345
7.610958904,5370
3.608219178,5373
7.624657534,5388
7.654794521,5403
7.663013699,5409
7.665753425,5411
7.668493151,5415
5.868493151,885
6.238356164,4025
2009.241096,4607
1.443835616,5040
1.879452055,5224
1.536986301,941
1.424657534,5773
1.42739726,5774
1.808219178,5951
7.857534247,5958
6.084931507,6047
2011.610959,5562
3.706849315,5769
6.326027397,5793
3.961643836,4799
0.890410959,5787
3.890410959,5786
0,5427
3.704109589,5768
1.446575342,5776
2012.649315,5788
7.668493151,5901
4.2,5909
2.010958904,5918
1.84109589,5957
4.630136986,6055
5.879452055,893
3.01369863,4648
5.575342466,4677
3.969863014,4808
5.665753425,5417
0.005479452,5429
0.008219178,5430
0.010958904,5431
0.01369863,5432
0.016438356,5434
0.019178082,5436
0.021917808,5438
0.309589041,5490
7.093150685,5765
3.701369863,5767
1.430136986,5775
3.887671233,5784
6.317808219,5789
6.320547945,5791
6.353424658,5796
6.356164384,5797
6.35890411,5798
6.361643836,5799
4.161643836,5897
4.164383562,5900
2.02739726,5929
1.838356164,5952
7.860273973,5960
5.882191781,5970
5.912328767,5985
2.219178082,5996
2.224657534,5999
2.22739726,6001
4.635616438,6060
4.638356164,6061
6.150684932,6066
1.917808219,3397
5.857534247,873
5.871232877,887
5.887671233,902
5.849315068,5452
5.852054795,5454
5.854794521,5456
2.821917808,5565
2.824657534,5567
5.479452055,5618
2.983561644,5080
4.197260274,5908
0.389041096,5508
0.391780822,5510
0.394520548,5512
0.397260274,5515
0.4,5517
0.402739726,5519
6.594520548,5680
5.605479452,5687
5.608219178,5691
6.608219178,5692
6.610958904,5693
5.610958904,5694
5.61369863,5695
6.616438356,5699
5.616438356,5700
6.619178082,5701
5.619178082,5703
5.621917808,5706
5.624657534,5707
6.621917808,5705
6.624657534,5709
3.043835616,5657
0.830136986,5658
0.832876712,5662
6.605479452,5689
2011.912329,5677
7.126027397,5151
3.134246575,5155
6.153424658,5164
7.164383562,5169
7.202739726,5189
2010.610959,5213
6.454794521,5313
7.490410959,5326
7.495890411,5332
7.605479452,5362
0.024657534,5440
5.484931507,5622
5.487671233,5626
2011.849315,5642
2011.852055,5643
3.112328767,5647
3.115068493,5649
2011.868493,5650
2011.871233,5654
1.057534247,5711
1.060273973,5712
1.065753425,5715
1.068493151,5717
1.071232877,5720
7.095890411,5766
0.887671233,5785
1.668493151,5801
1.671232877,5803
3.904109589,5808
3.906849315,5811
3.909589041,5813
3.926027397,5815
3.928767123,5816
7.449315068,5825
7.457534247,5831
8.476712329,5843
8.479452055,5845
1.879452055,5878
1.882191781,5882
5.906849315,5981
5.917808219,5989
2.230136986,6003
2.232876712,6005
4.649315068,6040
6.093150685,6050
6.095890411,6051
6.153424658,6067
6.156164384,6068
4.723287671,6092
6.652054795,
4.306849315,7031
4.309589041,7033
1.849315068,7039
1.852054795,7040
1.15890411,7041
1.161643836,7042
1.164383562,7044
1.167123288,7046
1.169863014,7048
1.17260274,7050
4.583561644,7099
4.58630137,7100
4.589041096,7103
4.591780822,7107
1.449315068,7130
8.183561644,7142
1.536986301,7154
2017.10137,7162
1.605479452,7173
8.328767123,7179
1.64109589,7189
1.679452055,7203
1.728767123,7214
1.731506849,7215
2.901369863,4597
0.989041096,4604
5.082191781,4690
5.087671233,4694
5.106849315,4705
5.109589041,4706
5.112328767,4708
2009.454795,4710
6.15890411,4720
6.161643836,4721
2.15890411,4722
6.164383562,4724
2.498630137,4829
6.501369863,4832
3.652054795,4908
2.652054795,4910
2.654794521,4914
7.216438356,4933
1.353424658,4967
3.021917808,5113
7.02739726,5115
7.049315068,5128
7.123287671,5149
2010.70137,5263
3.030136986,5646
4.794520548,6106
2.945205479,6184
2.723287671,6208
5.254794521,6216
3.098630137,6347
0.221917808,6402
5.75890411,6419
3.353424658,6454
5.876712329,6459
0.482191781,6504
6.008219178,6509
0.501369863,6508
6.01369863,6512
2014.983562,6541
2.849315068,6608
3.989041096,6647
3.991780822,6648
3.994520548,6649
3.997260274,6650
4,6651
0.523287671,6658
1.632876712,6974
0.931506849,6977
0.934246575,6978
0.936986301,6980
0.939726027,6982
0.942465753,6984
0.945205479,6986
0.983561644,7000
0.98630137,7001
0.989041096,7003
1.04109589,7005
1.071232877,7013
1.073972603,7015
1.076712329,7017
4.293150685,7020
4.295890411,7021
4.298630137,7024
4.301369863,7026
4.934246575,6911
2.408219178,7375
2.410958904,7376
2.41369863,7377
2.416438356,7379
2.419178082,7381
4.723287671,7383
4.726027397,7384
4.728767123,7386
2018.082192,7392
2.547945205,7395
2.550684932,7397
2018.120548,7402
2018.139726,7410
2.632876712,7423
2.687671233,7425
2.690410959,7428
2.690410959,7445
2.693150685,7447
2.695890411,7450
2.698630137,7453
2.701369863,7455
2.704109589,7458
3.432876712,7462
3.435616438,7463
3.438356164,7465
3.44109589,7467
3.443835616,7469
3.446575342,7471
5.98630137,7490
5.989041096,7491
5.991780822,7493
5.994520548,7495
2.810958904,7497
2.81369863,7498
2.821917808,7500
2.824657534,7501
2.82739726,7503
2.830136986,7505
2.832876712,7507
2.835616438,7509
2.884931507,7517
2.887671233,7519
2.890410959,7521
2.893150685,7523
2.895890411,7525
2.898630137,7527
3.62739726,7529
2.950684932,7536
2.953424658,7538
3.657534247,7540
2.956164384,7541
3.660273973,7543
2.95890411,7545
2.994520548,7553
3.698630137,7555
3.706849315,7557
3.709589041,7558
3.712328767,7561
3.715068493,7564
3.717808219,7566
3.720547945,7568
3.04109589,7574
3.043835616,7575
3.046575342,7577
3.049315068,7579
3.767123288,7585
3.769863014,7586
3.77260274,7589
3.775342466,7591
3.778082192,7593
3.780821918,7597
3.794520548,7599
2018.671233,7602
3.838356164,7604
3.84109589,7605
3.843835616,7607
3.846575342,7609
3.849315068,7611
3.852054795,7613
3.15890411,7615
3.167123288,7616
3.169863014,7619
3.17260274,7621
3.175342466,7624
3.178082192,7625
3.180821918,7627
3.887671233,7629
3.890410959,7630
3.893150685,7632
3.895890411,7634
3.898630137,7636
3.901369863,7638
3.210958904,7645
3.21369863,7647
3.216438356,7650
3.928767123,7652
3.22739726,7653
2018.767123,7654
3.230136986,7658
3.232876712,7661
3.235616438,7668
3.287671233,7678
3.290410959,7680
3.293150685,7683
1.331506849,7690
3.295890411,7693
1.495890411,7695
2018.865753,7711
5.539726027,7713
5.542465753,7715
5.547945205,7721
3.347945205,7723
3.350684932,7725
3.353424658,7730
3.356164384,7733
3.361643836,7739
3.364383562,7744
3.367123288,7746
3.369863014,7750
3.345205479,7720
3.37260274,7754
5.545205479,7718
3.35890411,7738
3.38630137,7762
2.594520548,7770
2.6,7776
3.419178082,7781
3.460273973,7784
3.463013699,7786
3.465753425,7789
4.169863014,7790
3.468493151,7792
4.17260274,7794
3.471232877,7796
7.484931507,5854
7.479452055,5849
6.424657534,5604
6.421917808,5602
0.298630137,5486
0.693150685,5585
0.298630137,5485
1.890410959,5888
1.884931507,5885
2012.928767,5881
2012.926027,5880
4.090410959,5877
5.567123288,5867
5.564383562,5865
4.063013699,5862
5.561643836,5863
4.060273973,5861
4.057534247,5860
7.550684932,5859
7.547945205,5858
7.545205479,5857
0.701369863,5597
0.695890411,5591
4.065753425,5864
4.068493151,5866
4.071232877,5868
5.569863014,5869
4.079452055,5870
0.690410959,5675
0.687671233,5586
2.854794521,5584
2.838356164,5573
2.84109589,5575
2.843835616,5577
2.846575342,5579
2.849315068,5580
2.852054795,5583
1.860273973,7933
1.857534247,7931
5.024657534,7929
5.024657534,7927
1.854794521,7925
1.852054795,7922
1.849315068,7918
1.846575342,7916
3.649315068,7914
3.646575342,7911
5.791780822,7887
5.789041096,7885
5.78630137,7883
5.783561644,7881
5.780821918,7878
5.778082192,7876
0.526027397,7873
5.775342466,7870
5.77260274,7866
3.569863014,7861
5.761643836,7857
5.75890411,7854
5.756164384,7852
3.545205479,7850
3.542465753,7848
3.539726027,7846
3.536986301,7844
3.534246575,7842
3.531506849,7840
3.528767123,7838
3.526027397,7836
3.523287671,7834
3.520547945,7832
3.512328767,7831
3.509589041,7829
3.498630137,7825
3.495890411,7822
4.2,7819
3.493150685,7817
4.197260274,7814
4.194520548,7812
4.191780822,7810
2019.024658,7808
2019.019178,7806
4,7804
3.473972603,7800
6.887671233,7949
4.4,7958
4.402739726,7962
4.405479452,7966
4.408219178,7969
4.410958904,7971
5.906849315,7973
5.909589041,7975
4.416438356,7979
5.912328767,7977
5.917808219,7987
5.915068493,7983
2.005479452,7993
1.934246575,8007
3.75890411,8025
3.761643836,8027
3.764383562,8031
3.767123288,8034
4.473972603,8038
3.769863014,8036
2.073972603,8051
2019.350685,8057
3.821917808,8063
3.819178082,8060
3.824657534,8067
3.82739726,8070
3.010958904,8055
6.082191781,8099
6.084931507,8103
7.087671233,8105
4.589041096,8107
3.731506849,8000
3.734246575,8002
7.090410959,8111
4.591780822,8115
7.093150685,8117
4.605479452,8119
4.608219178,8126
3.104109589,8133
4.610958904,8136
4.61369863,8140
4.616438356,8144
2.536986301,8149
2.539726027,8153
4.632876712,8157
4.635616438,8159
4.638356164,8161
4.64109589,8165
4.643835616,8169
4.646575342,8171
3.953424658,8175
4.063013699,8205
4.060273973,8202
4.065753425,8208
4.068493151,8211
4.071232877,8213
4.073972603,8216
4.846575342,8232
4.849315068,8235
4.852054795,8238
4.854794521,8243
4.857534247,8248
4.860273973,8251
0.024657534,8264
0.02739726,8267
0.030136986,8269
0.032876712,8272
0.035616438,8274
0.038356164,8276
0.04109589,8278
0.043835616,8280
0.046575342,8282
0.049315068,8284
0.052054795,8286
0.054794521,8288
0.057534247,8290
3.895890411,
2019.813699,8291
0.473972603,8293
4.282191781,8295
4.284931507,8297
4.287671233,8301
4.290410959,8305
4.293150685,8308
1.005479452,8315
0.145205479,8317
0.147945205,8319
0.150684932,8321
0.153424658,8323
0.156164384,8325
0.15890411,8327
0.18630137,8332
0.189041096,8334
0.191780822,8336
0.194520548,8338
5.065753425,8340
0.197260274,8342
5.068493151,8344
0.2,8347
5.071232877,8349
0.202739726,8351
5.073972603,8353
0.205479452,8355
5.076712329,8357
5.079452055,8359
0.208219178,8361
0.210958904,8363
0.21369863,8365
0.219178082,8370
0.216438356,8367
0.221917808,8373
0.052054795,
2.991780822,7551
3.695890411,7552
2018.936986,7773
0.224657534,8377
2.589041096,8380
0.230136986,8392
0.22739726,8389
2.591780822,8385
0.232876712,8395
2.805479452,6582
4.550684932,5665
2011.605479,5561
4.249315068,4558
3.728767123,4417
6.161643836,6070
2.167123288,5966
7.671232877,5903
7.005479452,5752
2.82739726,5569
2011.616438,5564
4.265753425,5559
4.263013699,5558
4.408219178,4581
3.726027397,4413
7.161643836,4356
3.498630137,4228
2009.438356,4704
2009.457534,4711
4.64109589,6063
6.090410959,6049
6.15890411,6069
2.156164384,4718
0.268493151,8397
0.271232877,8399
0.273972603,8401
0.276712329,8403
0.279452055,8405
0.282191781,8407
4.457534247,8409
4.460273973,8411
6.684931507,8413
6.687671233,8415
6.690410959,8417
6.693150685,8419
0.405479452,8433
0.408219178,8435
0.410958904,8437
5.282191781,8439
0.326027397,8448
5.284931507,8446
0.41369863,8444
5.287671233,8451
0.328767123,8453
0.331506849,8456
5.290410959,8455
0.334246575,8461
5.293150685,8459
5.295890411,8465
0.336986301,8463
0.323287671,8442
4.605479452,8467
4.608219178,8469
0.446575342,8472
0.449315068,8474
0.452054795,8479
0.454794521,8482
0.457534247,8484
0.460273973,8486
2.838356164,8490
0.473972603,8488
2.84109589,8492
2.843835616,8493
0.098630137,8498
2.846575342,8496
0.101369863,8503
2.849315068,8501
2.852054795,8507
5.369863014,8514
0.495890411,8512
2.860273973,8510
5.37260274,8516
5.375342466,8518
5.378082192,8520
5.380821918,8522
5.383561644,8524
0.526027397,8533
0.528767123,8535
0.531506849,8537
0.534246575,8539
0.536986301,8541
0.539726027,8543
0.542465753,8545
2.906849315,8547
0.15890411,8552
2.915068493,4615
2.909589041,4611
2.906849315,4605
2.904109589,4601
5.904109589,5979
0.545205479,8549
0.547945205,8554
0.550684932,8556
0.553424658,8558
0.556164384,8562
0.55890411,8564
0.561643836,8566
0.564383562,8568
0.567123288,8570
0.569863014,8572
0.57260274,8574
0.589041096,8595
0.575342466,8578
0.578082192,8582
0.580821918,8584
0.583561644,8588
0.58630137,8593
0.216438356,8597
0.221917808,8600
5.989041096,8605
5.98630137,8603
5.991780822,8607
0.657534247,8609
0.660273973,8611
4.830136986,8615
0.663013699,8613
3.035616438,8618
0.287671233,8620
0.290410959,8625
3.038356164,8623
3.04109589,8629
3.046575342,8637
0.293150685,8631
3.043835616,8635
3.049315068,8639
3.071232877,8641
4.873972603,8643
0.326027397,8647
0.178082192,8661
4.906849315,8666
2.610958904,8671
0.764383562,8681
5.643835616,8687
5.646575342,8689
0.767123288,8685
4.131506849,8683
5.649315068,8691
5.652054795,8693
0.780821918,8695
5.654794521,8697
5.657534247,8699
4.961643836,8707
3.167123288,8711
3.169863014,8713
5.695890411,8717
5.698630137,8719
5.701369863,8721
3.21369863,8723
4.216438356,8725
5.835616438,8732
5.838356164,8734
5.84109589,8736
5.843835616,8738
5.846575342,8740
5.849315068,8742
5.852054795,8744
5.854794521,8746
5.857534247,8748
5.246575342,8754
5.249315068,8756
5.252054795,8758
5.254794521,8760
5.257534247,8762
5.260273973,8764
0.709589041,8766
5.263013699,8768
0.712328767,8770
5.265753425,8772
5.268493151,8774
5.271232877,8776
5.273972603,8778
5.276712329,8780
5.279452055,8782
5.282191781,8784
4.545205479,8790
3.545205479,8792
3.547945205,8796
5.356164384,8800
5.35890411,8802
5.361643836,8804
5.364383562,8806
5.367123288,8808
5.42739726,8810
5.284931507,8786
3.542465753,8788
4.547945205,8794
3.550684932,8798
6.202739726,8816
6.205479452,8818
6.208219178,8820
6.210958904,8822
6.21369863,8824
1.032876712,8839
1.035616438,8841
1.038356164,8843
1.04109589,8845
1.043835616,8849
6.295890411,8847
1.046575342,8851
1.073972603,8855
1.076712329,8857
1.079452055,8859
1.082191781,8861
1.084931507,8863
1.087671233,8865
1.126027397,8868
1.128767123,8870
1.131506849,8872
1.134246575,8874
1.136986301,8876
1.139726027,8878
3.890410959,8880
3.893150685,8882
3.895890411,8884
3.898630137,8886
3.901369863,8888
3.904109589,8890
6.2,8814
1.210958904,8894
6.468493151,8896
6.471232877,8898
6.473972603,8900
